c1, c2, o1
-0.797160403,0.405588328,2
0.399036361,-0.020913923,1
0.370473187,-0.006661493,1
0.37309255,-0.002282766,1
0.348343144,0.009636597,1
0.359797879,0.011434276,1
0.240267634,0.04555506,1
0.231261791,0.050795068,1
0.20514632,0.059462144,1
0.495188995,0.003739593,1
0.341534071,0.039271186,1
0.339778239,0.04416784,1
0.272003265,0.059509021,1
0.336999928,0.053693033,1
0.371548356,0.053679192,1
0.209643685,0.077679235,1
0.35675209,0.065205523,1
0.432251817,0.063215971,1
0.331628211,0.076714666,1
0.327415142,0.081440933,1
0.214187686,0.091392037,1
0.235681609,0.093517944,1
0.346475109,0.094301773,1
0.352870225,0.098958129,1
0.336707209,0.103681246,1
0.370937721,0.1089377,1
0.465982779,0.117116319,1
0.340625795,0.117743181,1
0.347009422,0.122845738,1
0.384712724,0.130437912,1
0.349926315,0.132789705,1
0.438118694,0.146571847,1
0.301168086,0.137108168,1
0.348017043,0.147413309,1
0.215606804,0.133669996,1
0.341227653,0.156382365,1
0.350628047,0.162945119,1
0.304936486,0.159725564,1
0.40851452,0.184673919,1
0.280888659,0.16378656,1
0.269389761,0.165490164,1
0.388548603,0.19817153,1
0.277833021,0.176018374,1
0.33249969,0.195044806,1
0.291673344,0.188740543,1
0.21226291,0.16985016,1
0.394198088,0.230103445,1
0.252679237,0.190235127,1
0.199679893,0.17642493,1
0.215376361,0.185551094,1
0.304434721,0.222454317,1
0.159010573,0.171456609,1
0.28473344,0.225092184,1
0.236449535,0.210000729,1
0.357088601,0.266713807,1
0.297739686,0.246421843,1
0.455005949,0.325208741,1
0.345340731,0.280520547,1
0.297513498,0.263162989,1
0.172545344,0.204534523,1
0.427179039,0.34391524,1
0.30493927,0.28494322,1
0.282549468,0.278479031,1
0.389478658,0.346996405,1
0.284273118,0.291539844,1
0.221363774,0.258660935,1
0.218159732,0.261777766,1
0.291915903,0.315599502,1
0.377086793,0.3801179,1
0.318425633,0.347741216,1
0.285153509,0.33142702,1
0.334966247,0.375258346,1
0.389069966,0.424573523,1
0.205738787,0.291140366,1
0.255253133,0.336684198,1
0.193936287,0.293260034,1
0.25885339,0.354083215,1
0.174449648,0.288241208,1
0.280336001,0.38853288,1
0.31573178,0.429451296,1
0.210449795,0.339862508,1
0.382727662,0.513635551,1
0.375208446,0.518014541,1
0.210193472,0.361719983,1
0.212890966,0.372358684,1
0.19503908,0.3612958,1
0.178261072,0.350644038,1
0.247680845,0.437007791,1
0.16847937,0.354776838,1
0.239195706,0.447243269,1
0.109577017,0.298365862,1
0.245268862,0.476173765,1
0.148025922,0.361394243,1
0.169644324,0.398567622,1
0.136083218,0.362019098,1
0.215222096,0.482154311,1
0.132104725,0.373702598,1
0.187968987,0.466164208,1
0.136878202,0.399657104,1
0.067811926,0.300642143,1
0.13768094,0.421729343,1
0.11003468,0.386521249,1
0.193311881,0.540716577,1
0.093463867,0.378039877,1
0.104981328,0.409613749,1
0.120704097,0.451081203,1
0.172181307,0.565202632,1
0.0517763,0.338719457,1
0.082092084,0.412233001,1
0.091528603,0.445529285,1
0.086951781,0.449628774,1
0.032337469,0.337512153,1
0.153191705,0.64026463,1
0.085967319,0.494950986,1
0.081319265,0.500931766,1
0.058432268,0.457823424,1
0.064547764,0.492860868,1
0.088882783,0.584499419,1
0.090781284,0.615156967,1
0.04597955,0.498029614,1
0.082126615,0.64284078,1
0.018103697,0.446679,1
-0.011387502,0.358655582,1
0.010601635,0.463746596,1
0.04263621,0.622873323,1
-0.015862989,0.400686486,1
-0.006260486,0.470498156,1
-0.000522423,0.530391891,1
-0.036266818,0.374725788,1
-0.033439772,0.419393334,1
-0.024942213,0.507530158,1
-0.036971814,0.469995083,1
-0.011723251,0.708783566,1
-0.043696951,0.516253535,1
-0.070021395,0.328828709,1
-0.068260161,0.394215337,1
-0.057266802,0.599567705,1
-0.073333942,0.472658078,1
-0.075245479,0.553773748,1
-0.086731838,0.443838707,1
-0.092228466,0.454599742,1
-0.096840377,0.557548703,1
-0.104131532,0.567945382,1
-0.110228324,0.467275572,1
-0.117186157,0.498093933,1
-0.125174263,0.534068724,1
-0.132037334,0.530294745,1
-0.134235721,0.456603268,1
-0.149546854,0.573503258,1
-0.153664712,0.534916243,1
-0.172453904,0.645240769,1
-0.151544923,0.395133061,1
-0.167728119,0.476970998,1
-0.177516519,0.499404518,1
-0.173164251,0.42841067,1
-0.178856042,0.426768011,1
-0.224132646,0.639048176,1
-0.21638994,0.555181994,1
-0.263174165,0.738794277,1
-0.258353178,0.671380624,1
-0.229848202,0.51249089,1
-0.219368496,0.44178055,1
-0.197487564,0.335517282,1
-0.288859375,0.642303605,1
-0.260976069,0.515818813,1
-0.30898455,0.645826653,1
-0.235351251,0.388493108,1
-0.286973215,0.523081201,1
-0.240326896,0.367867726,1
-0.278053412,0.454364731,1
-0.245526064,0.350231826,1
-0.294783327,0.459537048,1
-0.311664348,0.482144449,1
-0.285736673,0.402834883,1
-0.384120523,0.609265939,1
-0.290079635,0.382092735,1
-0.353498942,0.501459032,1
-0.272547665,0.318634294,1
-0.390868127,0.540322497,1
-0.351380297,0.446393733,1
-0.333320068,0.397656507,1
-0.333569483,0.384507255,1
-0.408751656,0.502445379,1
-0.373212103,0.426026801,1
-0.453391684,0.543739839,1
-0.387151706,0.420967894,1
-0.403468632,0.432768583,1
-0.349887166,0.338359642,1
-0.38788211,0.38305149,1
-0.357329659,0.327412158,1
-0.492089081,0.503704961,1
-0.510065822,0.512767281,1
-0.360623925,0.30119451,1
-0.507247898,0.478972844,1
-0.406689433,0.339498076,1
-0.444815054,0.37511556,1
-0.415656353,0.329185038,1
-0.538723741,0.460452276,1
-0.544381344,0.453131904,1
-0.546913526,0.442440122,1
-0.52295098,0.403773243,1
-0.530286683,0.399188299,1
-0.508101574,0.364696359,1
-0.612498687,0.456226196,1
-0.505808674,0.340312667,1
-0.500262186,0.324469274,1
-0.403743366,0.22628625,1
-0.563515174,0.360214969,1
-0.35031694,0.164625042,1
-0.550123035,0.32653577,1
-0.476741445,0.255777702,1
-0.566334561,0.318531524,1
-0.606044326,0.33889122,1
-0.563035306,0.295173444,1
-0.525680039,0.25755139,1
-0.543472738,0.261133289,1
-0.58916469,0.283644352,1
-0.56278538,0.255636668,1
-0.492014837,0.199467784,1
-0.545261339,0.225630087,1
-0.573530619,0.234400815,1
-0.460417532,0.156630098,1
-0.682508742,0.280159867,1
-0.683570011,0.269887877,1
-0.717106501,0.277714271,1
-0.564478792,0.184520402,1
-0.569210838,0.178459266,1
-0.620315542,0.195734129,1
-0.644038292,0.198082581,1
-0.652314003,0.192475712,1
-0.568504711,0.144638813,1
-0.517043983,0.113771209,1
-0.718752087,0.19240555,1
-0.617889892,0.140677793,1
-0.659960892,0.148645476,1
-0.752321549,0.174595053,1
-0.748507315,0.162673454,1
-0.719427942,0.142057634,1
-0.740498902,0.139273981,1
-0.655677324,0.101750514,1
-0.75387427,0.123223317,1
-0.529954169,0.047033275,1
-0.745180232,0.100476213,1
-0.67736942,0.072426507,1
-0.61437331,0.047513086,1
-0.585087479,0.032438042,1
-0.492805547,0.003956318,1
-0.619885977,0.024599757,1
-0.699152833,0.032331751,1
-0.819044985,0.045513763,1
-0.662198011,0.007829174,1
-0.667406374,0.000117728,1
-0.630193999,-0.013905292,1
-0.709988462,-0.011391155,1
-0.712149547,-0.020251902,1
-0.561444303,-0.045473874,1
-0.505080351,-0.057925632,1
-0.6911652,-0.049333138,1
-0.660312258,-0.060274176,1
-0.565941301,-0.073907078,1
-0.634643591,-0.078259238,1
-0.761130569,-0.082707013,1
-0.687422576,-0.093676442,1
-0.764605005,-0.102249554,1
-0.612315339,-0.110651341,1
-0.725310361,-0.121078164,1
-0.565748089,-0.124839951,1
-0.572628373,-0.132519316,1
-0.557925883,-0.139085809,1
-0.571480408,-0.147389038,1
-0.753827856,-0.170730751,1
-0.59155714,-0.164441495,1
-0.541691171,-0.166654885,1
-0.57899159,-0.1785764,1
-0.665049774,-0.198286768,1
-0.700199534,-0.212560454,1
-0.611935924,-0.207423153,1
-0.595488351,-0.212822272,1
-0.676755082,-0.236573502,1
-0.601462783,-0.23044604,1
-0.725187753,-0.265847952,1
-0.735278583,-0.278291496,1
-0.475654401,-0.224853557,1
-0.634571173,-0.27290167,1
-0.692438351,-0.297799081,1
-0.744424307,-0.322693363,1
-0.680671952,-0.314318268,1
-0.545854336,-0.28187915,1
-0.480982157,-0.268730074,1
-0.564540185,-0.304767285,1
-0.68867436,-0.357809429,1
-0.712312909,-0.37715199,1
-0.611384025,-0.34911065,1
-0.578892618,-0.345698134,1
-0.701486095,-0.406057351,1
-0.536829077,-0.346193913,1
-0.59362499,-0.380459869,1
-0.585892827,-0.386751192,1
-0.617496847,-0.411751733,1
-0.592574019,-0.409960903,1
-0.637396417,-0.443109125,1
-0.58752525,-0.428013048,1
-0.515755999,-0.399552071,1
-0.63850693,-0.477734374,1
-0.617853998,-0.477538528,1
-0.686662044,-0.52995584,1
-0.598288754,-0.488878736,1
-0.666892904,-0.543646167,1
-0.604307853,-0.516196744,1
-0.593429135,-0.521100491,1
-0.537730722,-0.495163983,1
-0.585030258,-0.539769649,1
-0.669950952,-0.613609996,1
-0.373289652,-0.40785959,1
-0.543817649,-0.546597099,1
-0.444697142,-0.481462215,1
-0.440371492,-0.488633989,1
-0.41629155,-0.479570618,1
-0.499601993,-0.560627295,1
-0.370096128,-0.460742404,1
-0.565908049,-0.645313191,1
-0.410218396,-0.517689972,1
-0.487258505,-0.6014698,1
-0.451249002,-0.580443287,1
-0.487512413,-0.629385096,1
-0.410660721,-0.565891646,1
-0.455010097,-0.624795654,1
-0.441912287,-0.625173691,1
-0.39522644,-0.588479266,1
-0.450288133,-0.663837588,1
-0.383389433,-0.602281694,1
-0.411101801,-0.64907801,1
-0.427191319,-0.683949297,1
-0.387194782,-0.650473936,1
-0.352599003,-0.621809719,1
-0.367409454,-0.656221742,1
-0.350515426,-0.649450221,1
-0.412597749,-0.751479032,1
-0.355239015,-0.688765895,1
-0.412182538,-0.789523769,1
-0.381885077,-0.76440415,1
-0.308478625,-0.670855434,1
-0.379215281,-0.800995962,1
-0.299894943,-0.692743015,1
-0.358021389,-0.809461636,1
-0.252800297,-0.649382769,1
-0.321007862,-0.789407104,1
-0.240293294,-0.663353963,1
-0.301654628,-0.799151225,1
-0.192362638,-0.608719842,1
-0.187451075,-0.61697927,1
-0.193020029,-0.64750614,1
-0.243223897,-0.776395261,1
-0.295817114,-0.919315887,1
-0.21687326,-0.76749594,1
-0.222753941,-0.807900522,1
-0.212642975,-0.81126727,1
-0.198288365,-0.803671349,1
-0.161800864,-0.735802939,1
-0.17564848,-0.802801594,1
-0.159747826,-0.788609651,1
-0.174220054,-0.865155694,1
-0.166727064,-0.878656774,1
-0.082624024,-0.638906574,1
-0.107031897,-0.753254623,1
-0.141751383,-0.916636635,1
-0.097530131,-0.793366129,1
-0.070532529,-0.726143491,1
-0.076860463,-0.794020232,1
-0.047847534,-0.70898086,1
-0.064674875,-0.835143446,1
-0.046509944,-0.79704655,1
-0.028804821,-0.755702672,1
-0.060578468,-1.004888771,1
-0.034166878,-0.91707537,1
-0.016208436,-0.872936978,1
-0.01006662,-0.912396385,1
0.033232059,-0.63574231,1
0.020307565,-0.842647292,1
0.038293437,-0.760710611,1
0.045978858,-0.786888991,1
0.057110535,-0.768921565,1
0.068712549,-0.732392679,1
0.073982432,-0.840664182,1
0.082826235,-0.916332471,1
0.09320452,-1.026623708,1
0.106081817,-0.806159637,1
0.115663258,-0.753919222,1
0.124399348,-0.719328526,1
0.140801898,-0.901738773,1
0.143052683,-0.722354942,1
0.154229819,-0.750845241,1
0.175624319,-0.901009414,1
0.179873403,-0.818820225,1
0.205633047,-0.964649976,1
0.205274158,-0.853221328,1
0.209421489,-0.798547409,1
0.235717196,-0.909151838,1
0.228445729,-0.784704448,1
0.249501801,-0.847433488,1
0.272301904,-0.910344277,1
0.274253864,-0.857313254,1
0.288731855,-0.87088936,1
0.286851398,-0.808570567,1
0.301518139,-0.82349648,1
0.2978486,-0.762602101,1
0.322311778,-0.815122478,1
0.320730457,-0.76757613,1
0.34822935,-0.824742122,1
0.346794315,-0.780906206,1
0.349557699,-0.753827897,1
0.387189725,-0.834001154,1
0.347370437,-0.683024452,1
0.349476269,-0.66026794,1
0.372349588,-0.694468023,1
0.438256713,-0.836489581,1
0.45607765,-0.848664142,1
0.41850073,-0.727217846,1
0.471147745,-0.821970371,1
0.440717027,-0.724821143,1
0.440653626,-0.699183034,1
0.457336813,-0.7097894,1
0.466837273,-0.704898109,1
0.543475906,-0.831254933,1
0.501941942,-0.725550184,1
0.509916755,-0.716836543,1
0.567961839,-0.797599846,1
0.517448978,-0.68531374,1
0.517330964,-0.663854425,1
0.501161861,-0.617038128,1
0.590812607,-0.740571243,1
0.621191874,-0.76540502,1
0.644957513,-0.778558212,1
0.664628193,-0.784610254,1
0.558765693,-0.611399742,1
0.533805125,-0.558963644,1
0.597404015,-0.628301387,1
0.579134487,-0.586223752,1
0.595969711,-0.590839333,1
0.712572019,-0.719111509,1
0.701772803,-0.685833731,1
0.765381375,-0.74179749,1
0.657899501,-0.597320062,1
0.648906972,-0.570312623,1
0.681511509,-0.589807283,1
0.725995983,-0.62060089,1
0.647448009,-0.521435359,1
0.657926528,-0.517098381,1
0.743883385,-0.587207666,1
0.789724695,-0.614726603,1
0.677937204,-0.49230267,1
0.763810133,-0.556592928,1
0.78552599,-0.55994321,1
0.76817948,-0.528660489,1
0.772269894,-0.516656548,1
0.895764991,-0.603456131,1
0.757853346,-0.474840022,1
0.708713388,-0.421919313,1
0.800069579,-0.478609253,1
0.797842343,-0.462248691,1
0.829934443,-0.471095586,1
0.821718609,-0.45052238,1
0.79834194,-0.420095541,1
0.95222749,-0.509150978,1
0.805950788,-0.397813405,1
0.830032077,-0.399583259,1
0.773191044,-0.351009682,1
0.87521597,-0.399390029,1
0.860652395,-0.376880889,1
0.745960577,-0.298712408,1
0.890203787,-0.365917901,1
0.929602364,-0.373004801,1
0.970346554,-0.379673576,1
0.861329736,-0.310703766,1
0.950531197,-0.340823767,1
0.848566297,-0.27919209,1
0.936321627,-0.306364427,1
0.973161497,-0.308813739,1
0.837367338,-0.237693726,1
0.853282793,-0.232283026,1
0.941744737,-0.254864519,1
0.891677762,-0.222838123,1
0.846794748,-0.194241928,1
0.970294312,-0.225545773,1
1.099740849,-0.255412602,1
1.131233115,-0.250456837,1
0.914310671,-0.16887659,1
0.988108487,-0.178146231,1
0.99212379,-0.166078716,1
0.9122444,-0.131820098,1
0.841554327,-0.102099927,1
0.980152289,-0.123962225,1
0.970776454,-0.109061172,1
1.077748808,-0.118944253,1
0.917741809,-0.073408751,1
0.967530865,-0.070740732,1
1.048343854,-0.072106968,1
1.029786236,-0.055717446,1
0.880406108,-0.020900647,1
0.945370634,-0.018251897,1
0.85897478,0.004060594,1
0.986897213,0.001390249,1
1.038448128,0.009113695,1
1.166508389,0.011987447,1
1.080640317,0.032604581,1
0.869790856,0.057889343,1
0.890924765,0.068010295,1
0.9715544,0.076919589,1
1.03176662,0.088229373,1
0.899955706,0.101861998,1
0.887588146,0.113192305,1
1.088855282,0.12878649,1
1.089083165,0.142674841,1
1.088360592,0.1565532,1
1.135752154,0.17330978,1
0.996997858,0.177860511,1
1.067670032,0.196719855,1
0.949365056,0.19894125,1
0.994865111,0.21630845,1
0.983735571,0.227901045,1
0.907669739,0.230400969,1
0.920576358,0.244287354,1
0.882648566,0.250313782,1
1.131220576,0.305701184,1
0.978125226,0.29191291,1
0.959969663,0.301410624,1
1.06858891,0.337776607,1
0.999785904,0.336604219,1
0.865415359,0.317836562,1
0.977773449,0.358529002,1
0.977479034,0.372081078,1
0.93835485,0.374766601,1
1.078508074,0.429603365,1
0.842977591,0.371938343,1
0.885087176,0.397810573,1
0.944145703,0.430719528,1
0.776449377,0.385531543,1
0.976953332,0.470703833,1
0.9693336,0.482471181,1
0.848164933,0.449234317,1
0.98615098,0.518984594,1
1.045460092,0.559531093,1
0.941147291,0.529968752,1
1.002369128,0.572876043,1
1.031356621,0.602675585,1
0.983964954,0.596411242,1
0.930271658,0.585709997,1
0.838867936,0.553962027,1
0.885878019,0.59350135,1
0.872275032,0.601389246,1
0.867225071,0.613917035,1
0.779626785,0.57824213,1
0.830913893,0.623417327,1
0.73853722,0.581636144,1
0.867705562,0.677991998,1
0.813391423,0.659050036,1
0.836332152,0.690440422,1
0.826794255,0.70050563,1
0.867873103,0.746507933,1
0.743248953,0.673431239,1
0.697149754,0.654693951,1
0.77431053,0.729322276,1
0.84377677,0.801340929,1
0.743350152,0.73883342,1
0.779933005,0.786502303,1
0.690100101,0.728192868,1
0.827775894,0.865656184,1
0.696503845,0.768026737,1
0.611580122,0.707533377,1
0.850372083,0.949612214,1
0.725907039,0.851331312,1
0.719946084,0.865342372,1
0.625844571,0.789627136,1
0.646507232,0.829669318,1
0.804181957,1.018463309,1
0.672299571,0.897618634,1
0.714258643,0.966408086,1
0.677979144,0.947608225,1
0.497837993,0.75623348,1
0.657686986,0.969331478,1
0.620520269,0.946505192,1
0.519598215,0.840044851,1
0.566149848,0.922122795,1
0.592416806,0.980734024,1
0.602412391,1.019454839,1
0.52403128,0.933500544,1
0.5105604,0.937732221,1
0.527640608,0.987933688,1
0.536975813,1.02854522,1
0.483265436,0.970419023,1
0.451123037,0.943953047,1
0.435928003,0.944204864,1
0.431332527,0.962551571,1
0.48630812,1.088410427,1
0.501953413,1.148942566,1
0.458644992,1.10055908,1
0.40871752,1.035691315,1
0.403762549,1.05743048,1
0.424343459,1.133697897,1
0.328094565,0.961869457,1
0.394275368,1.141425303,1
0.385035312,1.158518127,1
0.335720058,1.080277842,1
0.275206719,0.968021801,1
0.355400063,1.210248622,1
0.272467154,1.033403345,1
0.333590437,1.243930348,1
0.241067101,1.025106776,1
0.28201218,1.19156609,1
0.238694579,1.105839652,1
0.181264717,0.965159561,1
0.185505126,1.024551047,1
0.172586634,1.027115192,1
0.198994601,1.180255665,1
0.204601263,1.265790582,1
0.160224463,1.147373254,1
0.118962928,1.028400107,1
0.120568502,1.100367292,1
0.131217378,1.228326138,1
0.095031761,1.116234334,1
0.092576659,1.186858187,1
0.065053731,1.107585798,1
0.047186234,1.081425356,1
0.031227067,1.064529844,1
0.033260931,1.198031238,1
0.024346839,1.258779382,1
0.004306018,1.214013806,1
-0.019441586,1.106970052,1
-0.021288461,1.292674954,1
-0.038438518,1.27761595,1
-0.062615239,1.077394101,1
-0.078181272,1.006277932,1
-0.087231584,1.256608908,1
-0.103346866,1.154655493,1
-0.118454151,1.199078295,1
-0.133451353,1.189628108,1
-0.150109803,1.232263168,1
-0.168990683,1.297691424,1
-0.175988947,1.141917881,1
-0.192397742,1.166014684,1
-0.208020722,1.173483895,1
-0.200846247,0.949757781,1
-0.240598769,1.193797703,1
-0.258292104,1.211339274,1
-0.286199571,1.299046617,1
-0.265368855,1.048746976,1
-0.289837902,1.11359903,1
-0.305801692,1.120469282,1
-0.324659459,1.141169509,1
-0.346712208,1.174463334,1
-0.354924617,1.139350895,1
-0.394118277,1.24260898,1
-0.397875243,1.188403834,1
-0.378469438,1.049181007,1
-0.411266933,1.116607711,1
-0.425175573,1.110610642,1
-0.451832126,1.147560664,1
-0.469311202,1.151326289,1
-0.474763495,1.117360557,1
-0.484288984,1.097752707,1
-0.441752798,0.932065803,1
-0.489398448,1.023901253,1
-0.531810386,1.094727561,1
-0.529027434,1.046088926,1
-0.534332936,1.02012621,1
-0.555609093,1.032975039,1
-0.618457629,1.138644512,1
-0.638123452,1.142321321,1
-0.591941224,1.005849456,1
-0.643577301,1.078111494,1
-0.71134192,1.177431029,1
-0.669116693,1.058487656,1
-0.707757173,1.097140604,1
-0.680464587,1.013615907,1
-0.670109865,0.964253932,1
-0.68597681,0.962034226,1
-0.716236264,0.983357631,1
-0.73464996,0.983922722,1
-0.745132128,0.97154334,1
-0.757692217,0.962523364,1
-0.802780891,1.001757758,1
-0.742071667,0.885657281,1
-0.789136501,0.926664202,1
-0.819333945,0.941958288,1
-0.822385307,0.91977731,1
-0.827333164,0.900690637,1
-0.836778105,0.887757957,1
-0.904693556,0.947020385,1
-0.84815945,0.853298534,1
-0.843819068,0.824854697,1
-0.892820042,0.858178496,1
-1.007152727,0.961963423,1
-1.069285026,1.003392298,1
-0.899088632,0.796540073,1
-0.907161048,0.783102157,1
-0.996752582,0.851699184,1
-1.056150822,0.886729482,1
-0.952126578,0.76328704,1
-1.003602153,0.790192189,1
-1.068438558,0.827291429,1
-0.974572451,0.7214295,1
-0.943862064,0.674732152,1
-1.074556333,0.765528977,1
-1.105385776,0.769269382,1
-1.060152471,0.711390526,1
-0.970111163,0.62091468,1
-1.059745957,0.670639007,1
-1.091682338,0.674552309,1
-1.120802314,0.675547085,1
-1.033271201,0.594128351,1
-1.114231513,0.631094383,1
-1.066029834,0.579761664,1
-1.145565351,0.612836785,1
-1.073292759,0.548172848,1
-1.149436094,0.576786904,1
-1.215178593,0.596870956,1
-1.141367577,0.534693071,1
-1.126109154,0.507958531,1
-1.237709407,0.550740377,1
-1.268676797,0.547711544,1
-1.265387568,0.526459884,1
-1.244898064,0.497047548,1
-1.265315128,0.488065841,1
-1.305509135,0.487815463,1
-1.234867008,0.436923131,1
-1.243600041,0.422696576,1
-1.143505869,0.362939431,1
-1.296747864,0.408363905,1
-1.252140989,0.372646378,1
-1.232447449,0.347693771,1
-1.354554234,0.37441325,1
-1.217965483,0.308508251,1
-1.232251421,0.296547601,1
-1.317582645,0.306836484,1
-1.373407012,0.305928641,1
-1.338100569,0.277224956,1
-1.232789434,0.230295985,1
-1.273138991,0.224528405,1
-1.379426901,0.234167453,1
-1.285291782,0.193874126,1
-1.312689325,0.183165287,1
-1.28712457,0.160748091,1
-1.327383933,0.151956543,1
-1.351982236,0.139316374,1
-1.324694854,0.117300617,1
-1.167595329,0.075729334,1
-1.257341535,0.073721949,1
-1.328831211,0.067052396,1
-1.256789925,0.04166211,1
-1.335161887,0.033956324,1
-1.318661025,0.015516266,1
0.691136947,0.545643377,2
-0.37178771,-0.098803741,2
-0.296449062,-0.268413122,2
0.756188767,-0.722291905,2
-0.320027109,0.660705188,2
-0.701719853,0.485126323,2
-0.508589091,0.714396006,2
-0.076278544,0.779118197,2
-0.260934073,-0.136286325,2
0.317203786,-0.495573335,2
0.715561611,0.214896019,2
0.473170395,0.550295197,2
-0.151084189,-1.247331661,2
-0.380758179,-0.232029105,2
-0.363520824,-1.187754468,2
0.748168318,-0.94800186,2
0.938745965,-1.016708229,2
0.728212446,0.197353696,2
-0.96202554,-0.43676603,2
0.733450352,-1.011912939,2
-0.797739811,0.340421786,2
-0.37565346,0.003021221,2
-0.149611977,-0.363452606,2
-0.176779661,-0.327645353,2
-0.474209065,-0.981865955,2
0.571956378,-0.138005624,2
-0.642968559,0.670008421,2
0.415047325,0.638769747,2
0.177469145,-0.964610538,2
0.035471716,-0.658789163,2
0.010022602,-0.516616052,2
0.210710311,0.900743189,2
0.622764534,-0.909122823,2
-0.625501654,0.62859408,2
0.447759638,0.293016505,2
-0.222070893,0.896388642,2
-0.436774367,0.74267642,2
0.41513746,-0.40977854,2
-0.257452713,-0.993124498,2
1.314705096,-0.45345291,2
0.904345565,-0.946591577,2
-0.848961708,-0.048287779,2
0.260782799,0.789223507,2
0.306758203,-1.047062572,2
-0.342557442,-0.21401566,2
-0.944639905,0.190879998,2
-0.512751894,-0.917374228,2
-0.921776655,0.299808173,2
-0.186642132,-0.189188284,2
-0.218395563,-1.088043982,2
-0.522939144,-0.980835265,2
1.317084954,-0.201357431,2
-0.026736062,-0.477311724,2
0.639510836,0.311364446,2
1.227640591,-0.398075134,2
0.825073695,-0.13402866,2
0.109472568,0.668601385,2
-1.012874961,0.240344261,2
-0.688823254,0.68953407,2
-0.889540076,0.338183369,2
1.224429024,-0.147655302,2
0.086406783,-1.312776381,2
0.855349154,0.270813899,2
0.652745757,0.027366933,2
-0.074571295,-0.450563583,2
0.571585685,0.419620721,2
-0.810099577,0.32217894,2
-0.507273372,-0.083929816,2
0.21455726,-0.634822378,2
0.830972919,-0.931221205,2
-0.064010619,0.826253694,2
-0.871118085,-0.748814732,2
0.299412198,0.609274335,2
-0.875138756,-0.459910438,2
0.083642947,0.872094746,2
-0.363797813,-1.006916843,2
0.097228529,-0.527193242,2
1.228055447,-0.363296226,2
0.015044779,-0.457248765,2
-0.074915739,-0.385579081,2
0.70376002,-0.136546519,2
-0.977030532,-0.176417475,2
-0.278251134,0.877838802,2
-0.256057075,-1.112924156,2
-0.163814318,0.898568444,2
0.629773148,-1.206815871,2
0.445741593,0.690050752,2
-0.095062115,-0.453186279,2
1.16773063,-0.89240118,2
-0.815986463,0.622006947,2
-0.081825465,-0.484573545,2
0.078491126,-0.328573745,2
0.650302062,-0.022608757,2
0.504466537,-0.288093874,2
0.413546805,0.622569649,2
-1.076778218,0.247757924,2
-0.833993955,-0.793610511,2
-0.343111633,-0.273086308,2
0.801891671,0.133152958,2
0.284974656,-1.2901824,2
0.232966513,-0.558945482,2
-0.208367257,-0.352323847,2
-0.196961466,0.880807898,2
0.795011316,0.184746493,2
0.493606336,-0.361166937,2
0.104161986,-0.676233113,2
0.182417078,-0.4136133,2
-0.971894445,-0.690681493,2
0.607937629,-0.265852296,2
0.423396306,-0.383621366,2
-1.017227481,0.132752284,2
0.519996469,0.618115141,2
-1.092213275,-0.114959049,2
-0.781482111,0.71921626,2
0.45875152,-1.117423831,2
0.139526791,-0.537166456,2
0.602110188,0.52687771,2
-0.210870241,-1.225734866,2
-0.39776126,-1.14922734,2
0.296775816,-1.155878431,2
-0.221725605,-0.407571796,2
1.353741032,-0.070308866,2
-0.736793433,0.563711209,2
0.555929911,-0.413005681,2
0.328765653,-0.403186143,2
-0.921522746,0.146469282,2
0.03268073,0.777282274,2
-0.238984912,0.852562911,2
0.1451752,-1.095199885,2
-0.946486334,0.411538779,2
-1.060454217,-0.087748154,2
0.05282438,0.829793953,2
-0.445247626,-0.147287754,2
-0.406061649,-0.253483679,2
-1.015063926,0.105755708,2
-0.681951809,-0.658224598,2
0.430340411,-0.10613546,2
0.423563663,-0.435320364,2
-0.884199152,-0.450019091,2
-0.756995465,-0.699565607,2
-0.805932349,0.05136469,2
0.160948075,0.792102434,2
0.64300478,0.434882692,2
-0.031399618,-0.43233591,2
0.243579209,-1.093918946,2
1.135859187,-0.013012477,2
-0.967290095,-0.653765165,2
0.704717822,-0.015159011,2
0.194057587,-0.442708653,2
0.116186118,-0.460234976,2
-0.826655493,-0.533633019,2
0.50845422,0.454164203,2
0.733531564,0.027105947,2
-0.468054264,-1.152247118,2
-0.49158372,0.705917769,2
0.643721794,0.01193052,2
-0.839945765,0.626323336,2
-0.395786186,-0.22433267,2
-0.421502611,-0.272975248,2
-0.516207933,0.661965726,2
0.334627682,-0.497608865,2
0.1008312,0.806063857,2
-0.42015147,-0.356544085,2
-1.020300642,-0.232419386,2
-0.476393942,0.724186583,2
1.239700256,-0.316010095,2
-0.669973184,0.560814721,2
-0.315613967,-0.215983845,2
-0.481088279,0.946653831,2
0.657652943,-0.03262377,2
0.214785866,0.762662502,2
-0.808852454,0.225703231,2
-0.964593573,0.13292782,2
0.368705268,0.690650443,2
0.135373862,0.779220215,2
-0.480757827,-0.28794588,2
-0.697648984,-0.970409678,2
-0.288061695,-1.116894903,2
0.672324922,-0.163041946,2
-0.10051476,-0.264789375,2
0.641513029,-0.235829366,2
-0.67461283,-0.683085998,2
-0.27153534,-0.335370259,2
-0.277116079,-0.33255298,2
-0.889723321,-0.595557839,2
0.267259201,-0.390271123,2
-0.981937979,-0.359592062,2
-0.342286969,-0.305477793,2
-0.602971679,-1.161509235,2
-1.004002365,-0.337567198,2
0.077704922,-0.506522451,2
0.474192976,-1.068013168,2
-0.338025596,-0.411956855,2
1.258601224,-0.204110455,2
0.555967202,-0.997157076,2
0.426668474,-1.306763831,2
0.444822305,-1.179813276,2
-0.583818515,-0.858496753,2
-0.33894017,-0.085291405,2
0.102362382,0.903529037,2
-0.607214777,0.867615635,2
-0.152340308,-0.393491276,2
1.385386582,-0.290912288,2
0.733568033,-0.899083781,2
-0.294483738,0.793533251,2
0.576852658,-0.941339997,2
0.637502908,-0.339971265,2
-1.066969184,0.075289635,2
1.409990051,-0.204772428,2
0.379870532,0.672591396,2
0.591887848,0.204111069,2
0.582864297,-0.289388705,2
-0.833900111,0.459113916,2
-0.783679694,0.451710243,2
0.144899452,-0.514524036,2
-0.838523626,-0.24314562,2
0.539095395,0.542997778,2
0.021446691,-1.290257423,2
-0.413125988,-0.037066027,2
-0.584816974,-0.970434707,2
-0.171195442,0.844012552,2
0.942781814,-0.75436061,2
-0.840842894,-0.00621776,2
-0.618575026,0.656835669,2
0.240591935,0.580427997,2
0.798426021,-0.967015162,2
0.022316496,-0.484273227,2
-0.321547444,-0.239899628,2
0.176411494,0.721108033,2
-0.827342057,-0.636640509,2
0.191513116,-0.596022448,2
0.133006521,-1.170556102,2
-1.014901811,-0.594922168,2
-0.603457385,0.655382852,2
-0.272133283,-0.261342956,2
-0.421033673,-0.225261118,2
-1.057085627,-0.168628088,2
-0.892074157,-0.879834111,2
-0.618710559,-1.042138669,2
-0.911976293,-0.393335944,2
0.116817641,0.787299543,2
0.351277794,-0.430908363,2
-0.628814944,0.532116179,2
0.277293724,0.752853702,2
-0.26100586,0.848121602,2
0.582567005,0.525838736,2
1.363640493,-0.302967263,2
-0.965037148,-0.064882302,2
-0.236994305,-0.406411498,2
-1.007627734,-0.311028711,2
-0.357422132,-0.026637376,2
0.515461233,-0.433695094,2
0.430780935,-0.405809073,2
-0.785079984,0.41099238,2
-0.191020122,-0.308780161,2
-0.961722318,-0.793869406,2
-0.238406474,-0.129948281,2
-0.376161793,0.734448743,2
1.077912118,-0.398417453,2
0.702491501,0.138763722,2
-0.095523263,0.829564633,2
1.18147875,-0.413023998,2
-0.827352129,-0.845402462,2
0.754307052,-0.985926506,2
-0.445430864,-0.092151968,2
-0.444158445,-0.038145949,2
0.103431938,-1.112449904,2
-0.28245865,-0.155611807,2
0.588331876,-1.03334051,2
1.097983835,-0.600942525,2
-0.136741673,0.79841016,2
-0.182263644,-0.379124877,2
-0.723029918,-0.810292846,2
-0.833501815,0.504153476,2
0.004343138,-1.118911373,2
-0.881474799,-0.576057717,2
-0.878967833,0.57235804,2
-0.335680835,-1.080183718,2
0.467869794,0.557907369,2
-0.023250265,-0.488050181,2
0.429352228,0.625835452,2
-0.385882654,-0.072581621,2
0.69138874,0.43555914,2
0.649342195,0.276730704,2
0.596997686,-0.027499855,2
1.263181611,-0.341576447,2
-0.394579742,-0.358068664,2
0.571550928,-0.05171697,2
0.268546576,0.658667754,2
-1.1081907,-0.044791454,2
-0.369332232,-0.292088916,2
0.706304595,0.166604081,2
0.171166266,-0.50310175,2
-0.596523047,-0.77734475,2
0.592456422,-0.285941652,2
-0.174391854,-0.445907693,2
0.663976795,0.111140466,2
0.565128841,0.304969357,2
-0.174053659,-0.311823369,2
0.021509526,-1.080520921,2
-0.086046332,0.785075106,2
1.238889946,-0.008152073,2
0.821741527,0.3567477,2
0.666016653,-0.017099768,2
-0.845406653,0.395351448,2
0.421080675,0.744652377,2
0.020173668,-0.586169123,2
-0.205437593,-0.425870592,2
0.449592079,-0.143126762,2
0.808052203,0.164870743,2
0.379414433,-1.178650182,2
0.168464177,-0.607286125,2
-0.126268216,-0.461639312,2
0.248901473,-1.267628239,2
-0.973421293,0.186925135,2
1.135600806,-0.568353769,2
0.598716493,0.615868877,2
0.645404129,0.061285342,2
0.722406065,-0.084449917,2
-0.774657604,-0.696364434,2
0.947027082,-0.737502711,2
0.658442178,-1.037943929,2
-0.577251564,-0.811601837,2
-0.882691123,-0.27391095,2
-0.391248269,0.744972545,2
0.842937138,-0.737184947,2
0.294440905,-0.478150739,2
-0.369371498,-0.160752845,2
-0.934864633,-0.572509303,2
0.310843759,-0.411605875,2
0.202175101,-0.45124818,2
-0.885362479,0.055622819,2
1.259714926,-0.221008123,2
-0.279339816,-0.172042624,2
-0.210797842,-1.166214311,2
-0.05159664,-0.311470934,2
-0.991093826,0.501321802,2
0.338963968,0.821512427,2
0.248022569,-0.427618874,2
0.633924633,-0.193142962,2
-0.383848011,0.788632227,2
0.062155129,-1.088884902,2
1.079532747,-0.685638027,2
0.284185879,-0.492163004,2
0.318034588,-0.411324877,2
0.415468612,0.583676439,2
0.267689851,-0.360649232,2
-0.839317444,0.191536242,2
0.509900199,-0.355244561,2
-0.16206176,-0.500285629,2
-0.779263484,0.538304956,2
0.413705959,-0.251978966,2
-0.270277697,-0.348729618,2
0.244204691,-0.510331301,2
-0.272247146,-0.389573231,2
0.548842366,0.291055476,2
-0.111699691,-1.127955542,2
-0.980003456,-0.026995315,2
0.532139055,0.514046819,2
-0.934145047,-0.651920988,2
1.163928434,-0.422274938,2
1.117895213,-0.576139756,2
-0.203371152,0.836863684,2
-1.024137719,-0.356213158,2
-0.320118709,0.765355709,2
0.169126716,0.679231049,2
-0.964126194,0.568319978,2
-0.088598347,-1.163217038,2
-0.09690508,-0.443252664,2
1.232887769,-0.101736674,2
0.335252527,-1.118116495,2
-0.25727751,-1.072208728,2
-0.148711207,0.831006225,2
-0.297324085,-1.060285185,2
-0.511678164,-0.989277484,2
-0.329952309,-0.423428145,2
-0.839726439,-0.676301212,2
-0.52511278,-0.012096269,2
0.110171613,-0.463026636,2
1.243390913,-0.67591414,2
0.247895556,-0.448474303,2
1.207531163,-0.496961768,2
-0.330921709,0.848004819,2
0.536029503,0.337107946,2
0.04579599,0.743543318,2
0.420532977,-0.950712337,2
0.800511377,-0.942649812,2
0.566082178,0.447682655,2
-0.74132499,0.447500192,2
-0.876577175,-0.683643938,2
-0.885199994,0.245229125,2
-1.008561306,0.117513745,2
0.544750282,0.466803676,2
0.423409597,-0.317573725,2
0.45713007,-0.455243022,2
-0.106130806,0.855405699,2
-0.173672916,-1.27607578,2
-0.32000758,-0.021736324,2
0.581135839,-0.193470641,2
-0.4411417,-0.979620329,2
-0.341292607,-0.161366273,2
1.455358434,-0.158189512,2
-0.504322385,-0.056739136,2
-0.352512866,0.006105035,2
0.867287268,-0.829049518,2
-0.23619208,-0.314897461,2
-0.349698004,-0.353678443,2
0.495443546,-0.449979131,2
0.272105875,0.647245588,2
1.144088461,-0.554762989,2
0.597486622,-0.157878741,2
-0.833331855,0.415600578,2
-0.22265849,-0.118576533,2
-0.060143258,-1.172463405,2
-0.351057328,-0.324516505,2
-0.967755223,-0.200740853,2
0.736779254,0.238033465,2
0.486237275,0.75563111,2
0.459749095,0.526888348,2
-0.783145139,0.27180812,2
0.685761358,0.146881304,2
-0.078122871,-0.444005175,2
-0.006774847,-0.448661598,2
1.302736176,-0.373962142,2
-0.288098302,-0.258467066,2
-0.109427759,-0.318246058,2
-0.708938183,-0.779203052,2
0.67352733,0.263965782,2
0.299258253,-0.559395394,2
0.214658914,0.845962405,2
-0.343942577,-0.061916113,2
-0.471878028,0.794266124,2
-0.099218304,-0.368383268,2
-0.413493009,-0.048176025,2
-0.025099569,0.795414999,2
-0.351537325,-1.08091745,2
-0.818091995,-0.400205663,2
-0.174905265,-1.21005227,2
-0.446951375,0.688139096,2
0.695667457,-1.146307823,2
0.636116334,-0.263078267,2
0.594261363,-0.106172774,2
-0.465452431,0.752615917,2
0.399240911,0.445885427,2
1.230742874,-0.754586339,2
0.611370097,0.047962542,2
-0.354167367,-0.123272443,2
-0.475290855,-1.068664178,2
-0.396572823,-0.077116827,2
0.079550527,0.762745275,2
0.281991502,0.700044623,2
0.938365976,-0.961622975,2
0.210278294,-0.430786354,2
-1.00371637,0.264998122,2
0.154915653,-0.548521832,2
-0.648818727,0.761507861,2
-0.149917374,-0.075129612,2
0.514902289,-1.050513976,2
-1.013206893,0.282797926,2
-0.351322017,-0.132910845,2
0.07149857,-1.250541021,2
-1.045786349,-0.249251736,2
-0.765140523,0.720901783,2
0.448459308,-0.403818396,2
-0.356898398,-0.196062732,2
-0.95015302,-0.273921488,2
-0.014538131,-0.351631684,2
-0.629951811,0.488727721,2
0.419531333,0.800277599,2
0.254155433,-0.518906414,2
-0.357683774,0.74491342,2
-0.690170213,-1.008976244,2
-0.185976473,-0.451827281,2
0.637560484,-0.20443419,2
-0.325045409,0.709161121,2
-0.756936676,-0.990841891,2
-0.731239255,0.908152636,2
0.374348369,-0.980006889,2
1.3851189,-0.16325336,2
0.317235196,-1.185017778,2
-0.785619864,0.512436097,2
-0.120947731,-0.415650328,2
0.437615717,-0.323111096,2
0.010988895,0.765944022,2
0.457070881,-0.378086457,2
0.400455751,-1.134823043,2
0.728561223,-0.135247156,2
-0.947438852,-0.503091251,2
0.157258636,0.72360806,2
-0.016037324,-0.511937559,2
0.242070346,0.554080891,2
-0.051055831,0.865182427,2
-0.934703785,0.333199396,2
0.646563361,0.077758456,2
0.750196823,-0.132282437,2
0.297146255,-0.506310145,2
0.697209595,-0.334925053,2
0.58813663,0.567306611,2
-0.060305472,-0.544189545,2
-1.026881956,0.189448355,2
-0.958355686,-0.552815762,2
-0.020933431,0.743275232,2
1.331492532,-0.101386783,2
-0.043726731,-0.352627295,2
-1.052510384,0.045826218,2
-0.372298038,-0.183072793,2
0.077822948,-0.672575991,2
-0.034512474,-0.623640839,2
-0.486548986,-0.797555425,2
-0.157349772,-0.92691907,2
-0.312672545,-0.336427326,2
0.077815244,-0.403897771,2
-0.452741981,-0.316118213,2
-0.505237289,0.756486847,2
0.505743315,-0.987439206,2
-0.16878144,-0.225983669,2
0.750981696,0.324574168,2
0.170531937,-0.555594934,2
-0.627374524,-1.00292958,2
-0.389125527,-0.158224538,2
-0.343811215,-0.373534842,2
-0.705236203,0.581553173,2
-0.140368032,-0.426103178,2
-0.358298237,-0.185501874,2
0.026263356,0.798740343,2
0.662150353,-0.867030419,2
0.65413594,0.119488669,2
-0.031716411,-1.184780284,2
-0.430421733,-1.183315447,2
0.473955643,-0.195334295,2
-0.78100814,-0.90478457,2
-0.623445936,-0.950169699,2
0.05728243,-0.514194063,2
-0.155209349,-0.354455342,2
0.133604691,-0.560106627,2
1.301533582,-0.319484106,2
0.30790843,-0.376681307,2
-0.693997975,-0.748446519,2
-0.258038507,-0.044638851,2
-0.922877492,0.286912818,2
0.028344058,-0.485998166,2
0.670850229,0.40407255,2
-0.556335473,0.494610319,2
0.360387065,-0.378284459,2
-0.844003799,-0.487173654,2
-0.261123919,-0.103273632,2
0.538553118,-0.056722585,2
-0.286434277,-0.236073594,2
0.336583136,-0.483430371,2
-0.096452491,-1.124069065,2
0.024401719,-0.61218751,2
-0.058543332,-0.458124446,2
0.406407541,0.549255558,2
0.233238901,0.754808087,2
-0.826393539,-0.028892191,2
-0.855973423,-0.292050687,2
0.708080163,0.431640728,2
-0.881440727,0.294516386,2
-0.041656284,0.843971935,2
-0.580418718,0.746547172,2
0.461197191,-0.506044549,2
0.383066194,0.562390327,2
0.727606635,0.10237515,2
-0.275060164,0.80516481,2
0.675228596,0.050620286,2
0.508607647,0.635678866,2
-0.964131848,-0.382048465,2
0.212906306,0.733881238,2
-0.115751407,0.760327212,2
0.676004384,0.085186795,2
-0.161320927,-0.448442119,2
0.950941967,-0.899449652,2
1.191041258,-0.747908681,2
-0.106888316,-0.56752448,2
-0.397465871,-0.109440205,2
1.12307072,-0.783764059,2
-0.413575298,0.743340809,2
0.358436691,-1.155565435,2
0.633153874,0.263530068,2
1.076963129,-0.624708637,2
0.35054501,-0.350751386,2
0.591806961,0.399463766,2
0.761577583,0.211695659,2
-0.887900002,0.40695781,2
0.218369862,-1.29261589,2
0.516735739,-0.198980404,2
-0.35503472,-0.065383438,2
0.61885342,0.175358798,2
-0.836757472,0.571342543,2
-0.335536296,-0.013140205,2
-0.480898087,0.040149654,2
0.668883696,0.244272296,2
0.968289715,-0.676160654,2
-0.26370842,0.9317964,2
0.127582178,-0.59504509,2
-0.302640015,-0.163820175,2
-0.056325301,-0.4885695,2
0.420056193,0.57541491,2
-0.029174136,0.604200206,2
0.936498023,-0.791152535,2
-1.026561757,-0.193223609,2
0.597717276,-0.41554451,2
0.223896323,-1.18107352,2
0.265037732,-0.529571455,2
-0.222205166,0.814180497,2
0.491130318,-1.028607751,2
-0.111405908,-0.446102407,2
0.409202784,-0.471193967,2
0.675977261,0.255095708,2
0.517402378,-0.085090933,2
-0.2857051,0.803391993,2
-0.541512192,0.642358067,2
-0.40875607,-0.120880392,2
0.954142917,-0.878553557,2
0.743715585,0.006910391,2
0.774065478,-0.880015445,2
0.574095333,0.431230321,2
-0.132078377,1.008872278,2
0.738936465,-1.155334315,2
0.490093934,-0.430006438,2
-0.233801877,-1.09035863,2
-0.781293817,-0.948276688,2
0.627178326,0.494628773,2
0.453979588,0.570234038,2
0.333320657,0.583338163,2
-0.182094499,-0.289121324,2
0.046962711,-1.115982086,2
0.632959966,0.357458696,2
1.316671885,-0.048721522,2
-0.300218618,-0.030905664,2
-0.690117767,0.671690867,2
-0.761183639,0.604311767,2
0.604159469,-0.224538033,2
0.04075091,-0.541228731,2
0.396244254,-0.480658306,2
-0.076108204,-1.178777935,2
0.598905364,-0.167238779,2
-0.922985686,-0.410093012,2
0.709456953,-1.002122985,2
0.248009669,0.67757457,2
-0.385385892,-1.020172231,2
0.362648664,-0.408166931,2
-0.255532062,-0.30384872,2
-0.624846507,-0.825899557,2
-0.935281835,-0.512654356,2
-1.093267645,-0.270094944,2
1.226396681,-0.228532864,2
0.208060674,0.658702607,2
0.755131551,0.381580438,2
0.611097952,-0.354284496,2
0.422198409,-0.543642367,2
0.646583797,-0.358436461,2
1.099635161,-0.47588307,2
0.47749105,-0.274545595,2
-1.02359626,0.0547405,2
-0.458189862,-1.06811361,2
0.658937309,-0.944612519,2
-0.340536196,-0.197197525,2
0.417239661,-1.031336266,2
-0.153085125,-0.385333008,2
0.657329007,-1.144301667,2
0.548730024,-0.294315268,2
0.251386129,-0.568165032,2
-0.291055944,0.735241222,2
0.162364138,-1.161601223,2
-0.399591652,-0.022983878,2
0.484854229,-1.053936925,2
1.277954322,-0.076682248,2
1.218480924,-0.483997141,2
-0.154355378,-0.311061856,2
1.137492883,-0.773159838,2
1.059666603,-0.593923617,2
-0.945213593,-0.077696257,2
1.103217762,-0.512743411,2
-0.539652065,0.723761089,2
-0.671189446,0.868229533,2
0.651208827,0.069225046,2
-0.624134879,0.704361232,2
-1.062256219,-0.101201538,2
0.497890565,-0.31201502,2
0.717364565,-0.191814466,2
-1.092869503,-0.513212315,2
-0.185944834,-0.375120952,2
-0.285921278,-0.305150064,2
0.167919137,-0.395256572,2
-0.865457916,-0.366486499,2
-0.342137698,0.803683778,2
-0.977852937,-0.372181596,2
-0.995421513,-0.216370042,2
0.690815584,-0.00384342,2
-0.00304849,-0.514365673,2
-0.931723184,-0.149226435,2
1.066324,-0.825371488,2
-0.758961268,-0.904163357,2
-0.309008376,-0.112015895,2
0.091413483,-0.486112712,2
-0.028132927,-1.040622288,2
-0.181393987,0.835612763,2
0.358947378,0.629931574,2
0.962861225,-0.840507306,2
-1.023048247,-0.127382174,2
-0.7148699,-0.608653594,2
0.638623763,-0.140199313,2
1.199117677,-0.799116053,2
0.364839427,0.758037579,2
-0.227906433,-0.356302825,2
-0.858067349,0.335117808,2
0.621388273,-1.231561731,2
-0.005471759,-1.076825414,2
0.116570595,-1.022259408,2
-0.902534274,-0.136322424,2
0.316129414,0.85141666,2
-0.969651818,-0.003220042,2
1.162016846,-0.354089648,2
0.649845817,0.353899705,2
1.331245952,-0.311168878,2
0.607373635,0.460308427,2
-1.101852776,0.181896762,2
0.260637725,-1.017439248,2
0.67644988,0.093854851,2
1.118133282,-0.468541618,2
0.63187707,-0.05194524,2
0.11993009,0.836896877,2
-0.492567096,-1.039931456,2
-0.025182458,-0.450475533,2
-0.028377686,0.872657611,2
0.597252067,0.548363191,2
0.47008731,0.523943056,2
-0.923463783,0.015362872,2
0.174995508,-1.125737473,2
-0.235320932,-0.550804609,2
-0.856822049,-0.639013098,2
0.566788414,-0.450406937,2
0.829526275,-0.90353741,2
0.586804684,0.417295273,2
0.967122702,-0.799505718,2
1.017801074,-0.738528129,2
1.093904358,-0.489967772,2
-0.165603302,-1.108305698,2
-0.468942933,-0.87659498,2
-0.415036875,0.718939783,2
0.099129512,0.69368414,2
-0.38895762,-0.967859493,2
-0.716977269,-0.823451215,2
0.567570429,-0.363812751,2
0.022217397,0.915760272,2
0.597417443,-0.035391616,2
0.581255236,0.267448716,2
0.618503734,-0.372039036,2
